Bid ID,PowerMB,PowerGB,PowerMS,PowerGS
BD01,1.0,9.0,0.0,0.0
BD02,20.0,0.0,0.0,0.0
BD03,16.428571428571438,3.5714285714285623,0.0,0.0
BD04,0.0,0.0,10.0,0.0
BD05,0.0,0.0,10.0,0.0
BD06,0.0,0.0,17.428571428571438,42.57142857142856
